{
    "Origin": [
        -2.3460819721221924,
        -0.34941038489341736,
        -4.199524879455566
    ],
    "FocalDistance": 0.05,
    "SensorSizeX": 0.036,
    "SensorSizeY": 0.024,
    "Direction": [
        0.4752165675163269,
        -0.164161816239357,
        0.8644189238548279
    ],
    "Right": [
        -0.8763072490692139,
        2.5469728370808298e-06,
        0.4817526638507843
    ],
    "Up": [
        0.07908760011196136,
        0.9864334464073181,
        0.14385497570037842
    ]
}