{
    "Origin": [
        1.9415749311447144,
        -0.2289513796567917,
        2.6076459884643555
    ],
    "FocalDistance": 0.05,
    "SensorSizeX": 0.036,
    "SensorSizeY": 0.024,
    "Direction": [
        -0.6678353548049927,
        -0.4632721543312073,
        -0.5825588703155518
    ],
    "Right": [
        0.6573535203933716,
        4.619488663593074e-06,
        -0.7535822987556458
    ],
    "Up": [
        -0.34911638498306274,
        0.8862160444259644,
        -0.3045305013656616
    ]
}