{
    "Direction": [
        0.30915674567222595,
        -0.5962108373641968,
        -0.7409148216247559
    ],
    "FocalDistance": 0.017999999225139618,
    "Origin": [
        -1.236009955406189,
        0.36800599098205566,
        2.7139899730682373
    ],
    "Right": [
        0.9228812456130981,
        0.0,
        0.38508471846580505
    ],
    "SensorSizeX": 0.035999998450279236,
    "SensorSizeY": 0.024000000208616257,
    "Up": [
        0.22959168255329132,
        0.8028278350830078,
        -0.5502318143844604
    ]
}
