{
    "Origin": [
        -1.2360129356384277,
        0.36800599098205566,
        2.7139899730682373
    ],
    "FocalDistance": 0.018,
    "SensorSizeX": 0.036,
    "SensorSizeY": 0.024,
    "Direction": [
        0.3091605603694916,
        -0.5962146520614624,
        -0.7409101128578186
    ],
    "Right": [
        0.9228788614273071,
        5.735445256505045e-07,
        0.3850904405117035
    ],
    "Up": [
        0.22959615290164948,
        0.8028250336647034,
        -0.5502340793609619
    ]
}