{
    "Origin": [
        0.4277627468109131,
        -1.1621602773666382,
        -1.4462025165557861
    ],
    "FocalDistance": 0.05,
    "SensorSizeX": 0.036,
    "SensorSizeY": 0.024,
    "Direction": [
        -0.2711966931819916,
        -0.08067148923873901,
        0.9591373801231384
    ],
    "Right": [
        -0.9622736573219299,
        3.899259581885417e-07,
        -0.27208346128463745
    ],
    "Up": [
        -0.021949002519249916,
        0.9967407584190369,
        0.07762815058231354
    ]
}